{"sane": true, "normalizes": true, "range": true, "log_prob": -1077.4189465886448, "avg_log_prob": -2.1548378931772896, "perplexity": 8.626491652463551}